onset	duration	trial_type	value	sample
63.391999999999996	3.0	motor	1	566
82.432	3.0	motor	1	736
97.664	3.0	motor	1	872
113.568	3.0	motor	1	1014
129.584	3.0	motor	1	1157
145.6	3.0	motor	1	1300
158.816	3.0	motor	1	1418
178.75199999999998	3.0	motor	1	1596
192.64	3.0	motor	1	1720
214.816	3.0	motor	1	1918
237.77599999999998	3.0	motor	1	2123
256.816	3.0	motor	1	2293
274.736	3.0	motor	1	2453
293.776	3.0	motor	1	2623
314.71999999999997	3.0	motor	1	2810
327.824	3.0	motor	1	2927
341.824	3.0	motor	1	3052
359.856	3.0	motor	1	3213
375.984	3.0	motor	1	3357
394.912	3.0	motor	1	3526
417.984	3.0	motor	1	3732
439.03999999999996	3.0	motor	1	3920
458.976	3.0	motor	1	4098
479.91999999999996	3.0	motor	1	4285
494.144	3.0	motor	1	4412
